ADULT & CHILDREN'S SURGERY CENTER OF SOUTHWEST FLORIDA - 14960410|FORT MYERS|Lee|Freestanding Ambulatory Surgery Center
ADVANCED AMBULATORY SURGERY CENTER, LLC - 14960342|ALTAMONTE SPRINGS|Seminole|Freestanding Ambulatory Surgery Center
ADVANCED EYE SURGERY CENTER - 14960567|VERO BEACH|Indian River|Freestanding Ambulatory Surgery Center
AESTHETIC PLASTIC SURGERY CENTER - 114|VENICE|Sarasota|Freestanding Ambulatory Surgery Center
AESTHETIC SURGERY CENTER OF WINTER PARK - 14960515|WINTER PARK|Seminole|Freestanding Ambulatory Surgery Center
AKER KASTEN SURGICAL EYE CENTER - 69|BOCA RATON|Palm Beach|Freestanding Ambulatory Surgery Center
ALL CHILDREN'S HOSPITAL - 100250|SAINT PETERSBURG|Pinellas|Hospital Based Ambulatory Surgery Center
ALL SAINTS SURGERY CENTER - 126|SPRING HILL|Hernando|Freestanding Ambulatory Surgery Center
ALLIANCE SURGICAL CENTER, LLC - 14960588|LAKE MARY|Seminole|Freestanding Ambulatory Surgery Center
ALPHA AMBULATORY SURGERY - 127|TALLAHASSEE|Leon|Freestanding Ambulatory Surgery Center
AMBULATORY ANKLE & FOOT CENTER OF FLORIDA - 116|ORLANDO|Orange|Freestanding Ambulatory Surgery Center
AMBULATORY SURGERY CENTER - 23|TAMPA|Hillsborough|Freestanding Ambulatory Surgery Center
AMBULATORY SURGICAL CARE - 120|MERRITT ISLAND|Brevard|Freestanding Ambulatory Surgery Center
ANDREWS INSTITUTE ASC - 14960631|GULF BREEZE|Santa Rosa|Freestanding Ambulatory Surgery Center
ANNE BATES LEACH EYE HOSPITAL - 100240|MIAMI|Miami-Dade|Hospital Based Ambulatory Surgery Center
ARMENIA AMBULATORY SURGERY CENTER - 14960383|TAMPA|Hillsborough|Freestanding Ambulatory Surgery Center
ARNOLD PALMER MEDICAL CENTER - 120001|ORLANDO|Orange|Hospital Based Ambulatory Surgery Center
ASC OF BREVARD - 185|MELBOURNE|Brevard|Freestanding Ambulatory Surgery Center
ASSOCIATES FOR SURGICAL CARE - 14960676|VERO BEACH|Indian River|Freestanding Ambulatory Surgery Center
ATLANTIC SURGERY AND LASER CENTER, LLC - 14960708|MELBOURNE|Brevard|Freestanding Ambulatory Surgery Center
ATLANTIC SURGERY CENTER - 176|DAYTONA BEACH|Volusia|Freestanding Ambulatory Surgery Center
ATLANTIS OUTPATIENT CENTER - 14960510|LAKE WORTH|Palm Beach|Freestanding Ambulatory Surgery Center
AVENTURA HOSPITAL AND MEDICAL CENTER - 100131|AVENTURA|Miami-Dade|Hospital Based Ambulatory Surgery Center
BAPTIST HOSPITAL INC - 100093|PENSACOLA|Escambia|Hospital Based Ambulatory Surgery Center
BAPTIST HOSPITAL OF MIAMI - 100008|MIAMI|Miami-Dade|Hospital Based Ambulatory Surgery Center
BAPTIST MEDICAL CENTER - BEACHES - 100117|JACKSONVILLE BEACH|Duval|Hospital Based Ambulatory Surgery Center
BAPTIST MEDICAL CENTER - NASSAU - 100140|FERNANDINA BEACH|Nassau|Hospital Based Ambulatory Surgery Center
BAPTIST MEDICAL CENTER JACKSONVILLE - 100088|JACKSONVILLE|Duval|Hospital Based Ambulatory Surgery Center
BAPTIST MEDICAL CENTER SOUTH - 23960052|JACKSONVILLE|Duval|Hospital Based Ambulatory Surgery Center
BAPTIST MEDICAL PARK SURGERY CENTER - 14960392|PENSACOLA|Escambia|Freestanding Ambulatory Surgery Center
BARDMOOR SURGERY CENTER - 14960370|LARGO|Pinellas|Freestanding Ambulatory Surgery Center
BARKLEY SURGICENTER - 209|FORT MYERS|Lee|Freestanding Ambulatory Surgery Center
BARTOW REGIONAL MEDICAL CENTER - 100121|BARTOW|Polk|Hospital Based Ambulatory Surgery Center
BASCOM PALMER SURGERY CENTER - 14960590|PALM BEACH GARDENS|Palm Beach|Freestanding Ambulatory Surgery Center
BAY AREA ENDOSCOPY & SURGERY CENTER - 186|SAINT PETERSBURG|Pinellas|Freestanding Ambulatory Surgery Center
BAY AREA PHYSICIANS SURGERY CENTER - 14960613|RIVERVIEW|Hillsborough|Freestanding Ambulatory Surgery Center
BAY MEDICAL CENTER SACRED HEART HEALTH SYSTEM - 100026|PANAMA CITY|Bay|Hospital Based Ambulatory Surgery Center
BAYFRONT MEDICAL CENTER - 100032|SAINT PETERSBURG|Pinellas|Hospital Based Ambulatory Surgery Center
BAYFRONT SAME DAY SURGERY CENTER - 226|SAINT PETERSBURG|Pinellas|Freestanding Ambulatory Surgery Center
BAYONET POINT SURGERY & ENDOSCOPY CENTER - 14960565|HUDSON|Pasco|Freestanding Ambulatory Surgery Center
BAYSIDE AMBULATORY CENTER - 14960495|MIAMI|Miami-Dade|Freestanding Ambulatory Surgery Center
BAYVIEW SURGERY CENTER - 14960405|SARASOTA|Sarasota|Freestanding Ambulatory Surgery Center
BELLEAIR SURGERY CENTER - 28|CLEARWATER|Pinellas|Freestanding Ambulatory Surgery Center
BERAJA HEALTHCARE CORPORATION - 270|CORAL GABLES|Miami-Dade|Freestanding Ambulatory Surgery Center
BERT FISH MEDICAL CENTER - 100014|NEW SMYRNA BEACH|Volusia|Hospital Based Ambulatory Surgery Center
BETHESDA HOSPITAL EAST - 100002|BOYNTON BEACH|Palm Beach|Hospital Based Ambulatory Surgery Center
BETHESDA OUTPATIENT SURGERY CENTER LLC - 255|BOYNTON BEACH|Palm Beach|Freestanding Ambulatory Surgery Center
BLAKE MEDICAL CENTER - 100213|BRADENTON|Manatee|Hospital Based Ambulatory Surgery Center
BLUE SPRINGS SURGERY CENTER - 14960685|ORANGE CITY|Volusia|Freestanding Ambulatory Surgery Center
BOCA RATON OUTPATIENT SURGERY & LASER CENTER - 136|BOCA RATON|Palm Beach|Freestanding Ambulatory Surgery Center
BOCA RATON REGIONAL HOSPITAL - 100168|BOCA RATON|Palm Beach|Hospital Based Ambulatory Surgery Center
BONITA COMMUNITY HEALTH CENTER - 14960412|BONITA SPRINGS|Lee|Freestanding Ambulatory Surgery Center
BOYNTON BEACH ASC LLC - 102|BOYNTON BEACH|Palm Beach|Freestanding Ambulatory Surgery Center
BRADENTON SURGERY CENTER - 236|BRADENTON|Manatee|Freestanding Ambulatory Surgery Center
BRANDON AMBULATORY SURGERY CENTER - 14960569|BRANDON|Hillsborough|Freestanding Ambulatory Surgery Center
BRANDON OUTPATIENT SURGERY CENTER - 14960452|BRANDON|Hillsborough|Freestanding Ambulatory Surgery Center
BRANDON REGIONAL HOSPITAL - 100243|BRANDON|Hillsborough|Hospital Based Ambulatory Surgery Center
BRANDON SURGERY CENTER - 109|BRANDON|Hillsborough|Freestanding Ambulatory Surgery Center
BREVARD SPECIALTY SURGERY CENTER, LLC THE - 222|MELBOURNE|Brevard|Freestanding Ambulatory Surgery Center
BREVARD SURGERY CENTER - 217|MELBOURNE|Brevard|Freestanding Ambulatory Surgery Center
BROOKSVILLE REGIONAL HOSPITAL - 100071|BROOKSVILLE|Hernando|Hospital Based Ambulatory Surgery Center
BROWARD HEALTH CORAL SPRINGS - 110019|CORAL SPRINGS|Broward|Hospital Based Ambulatory Surgery Center
BROWARD HEALTH IMPERIAL POINT - 100200|FORT LAUDERDALE|Broward|Hospital Based Ambulatory Surgery Center
BROWARD HEALTH MEDICAL CENTER - 100039|FORT LAUDERDALE|Broward|Hospital Based Ambulatory Surgery Center
BROWARD HEALTH NORTH - 100086|POMPANO BEACH|Broward|Hospital Based Ambulatory Surgery Center
BROWARD OUTPATIENT CENTER - 215|POMPANO BEACH|Broward|Freestanding Ambulatory Surgery Center
BROWARD SPECIALTY SURGICAL CENTER - 14960734|HOLLYWOOD|Broward|Freestanding Ambulatory Surgery Center
C-MED AMBULATORY SURGERY CENTER - 14960345|CLEARWATER|Pinellas|Freestanding Ambulatory Surgery Center
CAPE CANAVERAL HOSPITAL - 100177|COCOA BEACH|Brevard|Hospital Based Ambulatory Surgery Center
CAPE CORAL HOSPITAL - 100244|CAPE CORAL|Lee|Hospital Based Ambulatory Surgery Center
CAPE CORAL SURGERY CENTER - 14960614|CAPE CORAL|Lee|Freestanding Ambulatory Surgery Center
CAPITAL CITY SURGICAL CENTER - 14960595|TALLAHASSEE|Leon|Freestanding Ambulatory Surgery Center
CAPITAL REGIONAL MEDICAL CENTER - 100254|TALLAHASSEE|Leon|Hospital Based Ambulatory Surgery Center
CAPITAL REGIONAL MEDICAL CENTER, GADSDEN MEMORIAL CAMPUS - 100159|QUINCY|Gadsden|Hospital Based Ambulatory Surgery Center
CARLOS E SPERA MD PA - 14960505|DAVIE|Broward|Freestanding Ambulatory Surgery Center
CENTER FOR ADVANCED EYE SURGERY - 214|SARASOTA|Sarasota|Freestanding Ambulatory Surgery Center
CENTER FOR DIGESTIVE ENDOSCOPY - 14960438|ORLANDO|Orange|Freestanding Ambulatory Surgery Center
CENTER FOR DIGESTIVE HEALTH & PAIN MANAGEMENT - 228|FORT MYERS|Lee|Freestanding Ambulatory Surgery Center
CENTER FOR ENDOSCOPY, INC - 14960478|SARASOTA|Sarasota|Freestanding Ambulatory Surgery Center
CENTER FOR GASTROINTESTINAL ENDOSCOPY - 14960419|WEST PALM BEACH|Palm Beach|Freestanding Ambulatory Surgery Center
CENTER FOR SPECIAL SURGERY - 244|SAINT PETERSBURG|Pinellas|Freestanding Ambulatory Surgery Center
CENTER FOR SPECIALIZED SURGERY - 79|TAMPA|Hillsborough|Freestanding Ambulatory Surgery Center
CENTER OF SURGICAL EXCELLENCE VENICE FLORIDA, LLC - 14960605|VENICE|Sarasota|Freestanding Ambulatory Surgery Center
CENTERONE SURGERY CENTER - 14960696|JACKSONVILLE|Duval|Freestanding Ambulatory Surgery Center
CENTRAL FLORIDA CATARACT & LASER SURGERY CENTER, INC - 24|DELAND|Volusia|Freestanding Ambulatory Surgery Center
CENTRAL FLORIDA ENDOSCOPY & SURGICAL INSTITUTE OF OCALA LLC - 14960667|OCALA|Marion|Freestanding Ambulatory Surgery Center
CENTRAL FLORIDA EYE INSTITUTE - 66|OCALA|Marion|Freestanding Ambulatory Surgery Center
CENTRAL FLORIDA REGIONAL HOSPITAL - 100161|SANFORD|Seminole|Hospital Based Ambulatory Surgery Center
CENTRAL FLORIDA SURGICAL CENTER - 98|OCOEE|Orange|Freestanding Ambulatory Surgery Center
CENTRAL FLORIDA SURGICENTER - 240|LAKELAND|Polk|Freestanding Ambulatory Surgery Center
CENTRAL PALM BEACH SURGERY CENTER LTD - 147|WEST PALM BEACH|Palm Beach|Freestanding Ambulatory Surgery Center
CHARLOTTE ENDOSCOPIC SURGERY CENTER - 14960443|PORT CHARLOTTE|Charlotte|Freestanding Ambulatory Surgery Center
CHARLOTTE REGIONAL MEDICAL CENTER - 100047|PUNTA GORDA|Charlotte|Hospital Based Ambulatory Surgery Center
CITRUS AMBULATORY SURGERY CENTER - 14960498|ORLANDO|Orange|Freestanding Ambulatory Surgery Center
CITRUS ENDOSCOPY AND SURGERY CENTER - 212|CRYSTAL RIVER|Citrus|Freestanding Ambulatory Surgery Center
CITRUS MEMORIAL HOSPITAL - 100023|INVERNESS|Citrus|Hospital Based Ambulatory Surgery Center
CITRUS SURGERY CENTER - 200|LECANTO|Citrus|Freestanding Ambulatory Surgery Center
CLAY SURGERY CENTER - 14960481|ORANGE PARK|Clay|Freestanding Ambulatory Surgery Center
CLEARWATER ENDOSCOPY CENTER - 152|CLEARWATER|Pinellas|Freestanding Ambulatory Surgery Center
CLERMONT AMBULATORY SURGICAL CENTER LLLP - 14960486|CLERMONT|Lake|Freestanding Ambulatory Surgery Center
CLEVELAND CLINIC HOSPITAL - 100056|WESTON|Broward|Hospital Based Ambulatory Surgery Center
COASTAL MEDICAL CENTER - 14960408|SARASOTA|Sarasota|Freestanding Ambulatory Surgery Center
COASTAL SURGERY CENTER LLC - 14960580|JACKSONVILLE|Duval|Freestanding Ambulatory Surgery Center
COLLIER ENDOSCOPY & SURGERY CENTER, INC - 14960420|NAPLES|Collier|Freestanding Ambulatory Surgery Center
CORAL GABLES HOSPITAL - 100183|CORAL GABLES|Miami-Dade|Hospital Based Ambulatory Surgery Center
CORAL GABLES SURGERY CENTER - 14960466|MIAMI|Miami-Dade|Freestanding Ambulatory Surgery Center
CORAL RIDGE OUTPATIENT CENTER - 14960617|OAKLAND PARK|Broward|Freestanding Ambulatory Surgery Center
CORAL SPRINGS SURGICAL CENTER - 14960380|CORAL SPRINGS|Broward|Freestanding Ambulatory Surgery Center
CORAL VIEW SURGERY CENTER - 165|MIAMI|Miami-Dade|Freestanding Ambulatory Surgery Center
CORDOVA AMBULATORY SURGICAL CENTER - 93|PENSACOLA|Escambia|Freestanding Ambulatory Surgery Center
CORTEZ FOOT SURGERY CENTER - 83|BRADENTON|Manatee|Freestanding Ambulatory Surgery Center
COUNTRYSIDE SURGERY CENTER - 138|CLEARWATER|Pinellas|Freestanding Ambulatory Surgery Center
COURTENAY SAME DAY SURGERY CENTER - 14960603|MERRITT ISLAND|Brevard|Freestanding Ambulatory Surgery Center
CRANE CREEK SURGERY CENTER - 14960703|MELBOURNE|Brevard|Freestanding Ambulatory Surgery Center
DAY SURGERY CENTER - 14960571|WINTER HAVEN|Polk|Freestanding Ambulatory Surgery Center
DEERFIELD BEACH OUTPATIENT SURGICAL CENTER - 14960735|DEERFIELD BEACH|Broward|Freestanding Ambulatory Surgery Center
DELRAY AMBULATORY SURGICAL & LASER CENTER - 230|DELRAY BEACH|Palm Beach|Freestanding Ambulatory Surgery Center
DELRAY MEDICAL CENTER - 100258|DELRAY BEACH|Palm Beach|Hospital Based Ambulatory Surgery Center
DESOTO MEMORIAL HOSPITAL - 100175|ARCADIA|De Soto|Hospital Based Ambulatory Surgery Center
DESTIN SURGERY CENTER LLC - 14960427|DESTIN|Okaloosa|Freestanding Ambulatory Surgery Center
DIGESTIVE AND LIVER CENTER OF MELBOURNE, THE - 14960475|MELBOURNE|Brevard|Freestanding Ambulatory Surgery Center
DOCTORS HOSPITAL - 100020|CORAL GABLES|Miami-Dade|Hospital Based Ambulatory Surgery Center
DOCTORS HOSPITAL OF SARASOTA - 100166|SARASOTA|Sarasota|Hospital Based Ambulatory Surgery Center
DOCTORS MEMORIAL HOSPITAL - 100078|BONIFAY|Holmes|Hospital Based Ambulatory Surgery Center
DOCTORS OUTPATIENT SURGERY CENTER, LLC - 14960535|NAPLES|Collier|Freestanding Ambulatory Surgery Center
DOCTORS SAME DAY SURGERY CENTER - 251|SARASOTA|Sarasota|Freestanding Ambulatory Surgery Center
DOCTORS SURGERY CENTER - 175|KISSIMMEE|Osceola|Freestanding Ambulatory Surgery Center
DOCTORS' MEMORIAL HOSPITAL - 100106|PERRY|Taylor|Hospital Based Ambulatory Surgery Center
DOUGLAS GARDENS HOSPITAL - 100197|MIAMI|Miami-Dade|Hospital Based Ambulatory Surgery Center
DOWNTOWN SURGERY CENTER - 14960671|ORLANDO|Orange|Freestanding Ambulatory Surgery Center
DR P PHILLIPS HOSPITAL - 120002|ORLANDO|Orange|Hospital Based Ambulatory Surgery Center
ED FRASER MEMORIAL HOSPITAL - 100134|MACCLENNY|Baker|Hospital Based Ambulatory Surgery Center
EDWARD WHITE HOSPITAL - 100239|SAINT PETERSBURG|Pinellas|Hospital Based Ambulatory Surgery Center
EMERALD COAST SURGERY CENTER - 191|FORT WALTON BEACH|Okaloosa|Freestanding Ambulatory Surgery Center
ENDOSCOPY CENTER OF PENSACOLA,THE - 245|PENSACOLA|Escambia|Freestanding Ambulatory Surgery Center
ENDOSCOPY CENTER OF SARASOTA - 211|SARASOTA|Sarasota|Freestanding Ambulatory Surgery Center
ENDOSCOPY CENTER, THE - 223|MIAMI|Miami-Dade|Freestanding Ambulatory Surgery Center
ENDOSURG OUTPATIENT CENTER - 14960413|LADY LAKE|Lake|Freestanding Ambulatory Surgery Center
ENGLEWOOD COMMUNITY HOSPITAL - 110004|ENGLEWOOD|Sarasota|Hospital Based Ambulatory Surgery Center
EYE ASSOCIATES SURGERY CENTER, THE - 77|BRADENTON|Manatee|Freestanding Ambulatory Surgery Center
EYE CARE AND SURGERY CENTER OF FT LAUDERDALE - 21|FORT LAUDERDALE|Broward|Freestanding Ambulatory Surgery Center
EYE INSTITUTE SURGERY CENTER, LLC - 14960531|MELBOURNE|Brevard|Freestanding Ambulatory Surgery Center
EYE SPECIALISTS LASER & SURGERY CENTER, INC - 14960738|FORT MYERS|Lee|Freestanding Ambulatory Surgery Center
EYE SURGERY & LASER CENTER LLC - 153|WINTER HAVEN|Polk|Freestanding Ambulatory Surgery Center
EYE SURGERY & LASER CENTER OF SEBRING - 14960534|SEBRING|Highlands|Freestanding Ambulatory Surgery Center
EYE SURGERY & LASER CENTER PA - 89|CAPE CORAL|Lee|Freestanding Ambulatory Surgery Center
EYE SURGERY CENTER OF NORTH FLORIDA - 14960653|JACKSONVILLE|Duval|Freestanding Ambulatory Surgery Center
EYE SURGERY CENTER OF ST AUGUSTINE INC - 14960504|SAINT AUGUSTINE|St. Johns|Freestanding Ambulatory Surgery Center
EYE SURGICENTER LLC - 37|GAINESVILLE|Alachua|Freestanding Ambulatory Surgery Center
EYELID SURGERY CENTER, LLC - 14960544|FORT MYERS|Lee|Freestanding Ambulatory Surgery Center
FACIAL PLASTIC SURGERY CENTER, THE - 14960324|NAPLES|Collier|Freestanding Ambulatory Surgery Center
FAWCETT MEMORIAL HOSPITAL - 100236|PORT CHARLOTTE|Charlotte|Hospital Based Ambulatory Surgery Center
FISHERMEN'S HOSPITAL - 100024|MARATHON|Monroe|Hospital Based Ambulatory Surgery Center
FLAGLER HOSPITAL - 100219|SAINT AUGUSTINE|St. Johns|Hospital Based Ambulatory Surgery Center
FLEMING ISLAND SURGERY CENTER - 14960620|FLEMING ISLAND|Clay|Freestanding Ambulatory Surgery Center
FLORIDA COASTAL SURGERY CENTER - 14960349|NAPLES|Collier|Freestanding Ambulatory Surgery Center
FLORIDA ENDOSCOPY & SURGERY CENTER LLC - 14960397|BROOKSVILLE|Hernando|Freestanding Ambulatory Surgery Center
FLORIDA EYE CLINIC - 1|ALTAMONTE SPRINGS|Seminole|Freestanding Ambulatory Surgery Center
FLORIDA EYE INSTITUTE SURGICENTER, LLC - 70|VERO BEACH|Indian River|Freestanding Ambulatory Surgery Center
FLORIDA HOSPITAL - 100007|ORLANDO|Orange|Hospital Based Ambulatory Surgery Center
FLORIDA HOSPITAL ALTAMONTE - 120004|ALTAMONTE SPRINGS|Seminole|Hospital Based Ambulatory Surgery Center
FLORIDA HOSPITAL APOPKA - 120003|APOPKA|Orange|Hospital Based Ambulatory Surgery Center
FLORIDA HOSPITAL CARROLLWOOD - 100069|TAMPA|Hillsborough|Hospital Based Ambulatory Surgery Center
FLORIDA HOSPITAL CELEBRATION HEALTH - 23960017|CELEBRATION|Osceola|Hospital Based Ambulatory Surgery Center
FLORIDA HOSPITAL DELAND - 100045|DELAND|Volusia|Hospital Based Ambulatory Surgery Center
FLORIDA HOSPITAL EAST ORLANDO - 100021|ORLANDO|Orange|Hospital Based Ambulatory Surgery Center
FLORIDA HOSPITAL FISH MEMORIAL - 100072|ORANGE CITY|Volusia|Hospital Based Ambulatory Surgery Center
FLORIDA HOSPITAL FLAGLER - 100118|PALM COAST|Flagler|Hospital Based Ambulatory Surgery Center
FLORIDA HOSPITAL HEARTLAND MEDICAL CENTER - 100109|SEBRING|Highlands|Hospital Based Ambulatory Surgery Center
FLORIDA HOSPITAL HEARTLAND MEDICAL CENTER LAKE PLACID - 120013|LAKE PLACID|Highlands|Hospital Based Ambulatory Surgery Center
FLORIDA HOSPITAL KISSIMMEE - 100089|KISSIMMEE|Osceola|Hospital Based Ambulatory Surgery Center
FLORIDA HOSPITAL MEMORIAL MEDICAL CENTER - 100169|DAYTONA BEACH|Volusia|Hospital Based Ambulatory Surgery Center
FLORIDA HOSPITAL NORTH PINELLAS - 100055|TARPON SPRINGS|Pinellas|Hospital Based Ambulatory Surgery Center
FLORIDA HOSPITAL OCEANSIDE - 100068|ORMOND BEACH|Volusia|Hospital Based Ambulatory Surgery Center
FLORIDA HOSPITAL TAMPA - 100173|TAMPA|Hillsborough|Hospital Based Ambulatory Surgery Center
FLORIDA HOSPITAL WATERMAN - 100057|TAVARES|Lake|Hospital Based Ambulatory Surgery Center
FLORIDA HOSPITAL WAUCHULA - 100282|WAUCHULA|Hardee|Hospital Based Ambulatory Surgery Center
FLORIDA HOSPITAL ZEPHYRHILLS - 100046|ZEPHYRHILLS|Pasco|Hospital Based Ambulatory Surgery Center
FLORIDA MEDICAL CENTER - A CAMPUS OF NORTH SHORE - 100210|LAUDERDALE LAKES|Broward|Hospital Based Ambulatory Surgery Center
FLORIDA MEDICAL CLINIC AMBULATORY SURGERY CENTER - 14960499|TAMPA|Hillsborough|Freestanding Ambulatory Surgery Center
FLORIDA ORTHOPAEDIC INSTITUTE SURGERY CENTER - 14960430|TEMPLE TERRACE|Hillsborough|Freestanding Ambulatory Surgery Center
FLORIDA SPECIALTY SURGERY CENTER - 14960508|SAINT PETERSBURG|Pinellas|Freestanding Ambulatory Surgery Center
FLORIDA SURGERY CENTER - 129|ALTAMONTE SPRINGS|Seminole|Freestanding Ambulatory Surgery Center
FMC SPECIAL PROCEDURES CENTER - 221|ZEPHYRHILLS|Pasco|Freestanding Ambulatory Surgery Center
FORT MYERS ENDOSCOPY CENTER LLC - 101|FORT MYERS|Lee|Freestanding Ambulatory Surgery Center
FORT MYERS EYE SURGERY CENTER, LLC - 14960741|FORT MYERS|Lee|Freestanding Ambulatory Surgery Center
FORT WALTON BEACH MEDICAL CENTER - 100223|FORT WALTON BEACH|Okaloosa|Hospital Based Ambulatory Surgery Center
FOUNDATION FOR ADVANCED EYE CARE - 119|SUNRISE|Broward|Freestanding Ambulatory Surgery Center
GABLES SURGICAL CENTER, THE - 14960381|MIAMI|Miami-Dade|Freestanding Ambulatory Surgery Center
GALLOWAY ENDOSCOPY CENTER - 14960376|MIAMI|Miami-Dade|Freestanding Ambulatory Surgery Center
Galloway Surgery Center - 14960733|MIAMI|Miami-Dade|Freestanding Ambulatory Surgery Center
GASKINS EYE CARE & SURGERY CENTER - 94|NAPLES|Collier|Freestanding Ambulatory Surgery Center
GASTROINTESTINAL CENTER OF HIALEAH, THE - 110|HIALEAH|Miami-Dade|Freestanding Ambulatory Surgery Center
GEORGE E WEEMS MEMORIAL HOSPITAL - 100153|APALACHICOLA|Franklin|Hospital Based Ambulatory Surgery Center
GLADIOLUS SURGERY CENTER - 14960445|FORT MYERS|Lee|Freestanding Ambulatory Surgery Center
GOOD SAMARITAN MEDICAL CENTER - 110403|WEST PALM BEACH|Palm Beach|Hospital Based Ambulatory Surgery Center
GRIFFIN ROAD CAMPUS OF LSDC - 14960577|LAKELAND|Polk|Freestanding Ambulatory Surgery Center
GROVE PLACE SURGERY CENTER, LLC - 14960459|VERO BEACH|Indian River|Freestanding Ambulatory Surgery Center
GULF BREEZE HOSPITAL - 110003|GULF BREEZE|Santa Rosa|Hospital Based Ambulatory Surgery Center
GULF COAST ENDOSCOPY CENTER OF VENICE - 14960411|VENICE|Sarasota|Freestanding Ambulatory Surgery Center
GULF COAST ENDOSCOPY CENTER-SOUTH - 14960406|FORT MYERS|Lee|Freestanding Ambulatory Surgery Center
GULF COAST MEDICAL CENTER LEE MEMORIAL HEALTH SYSTEM - 100220|FORT MYERS|Lee|Hospital Based Ambulatory Surgery Center
GULF COAST REGIONAL MEDICAL CENTER - 100242|PANAMA CITY|Bay|Hospital Based Ambulatory Surgery Center
GULF COAST SURGERY CENTER - 34|BRADENTON|Manatee|Freestanding Ambulatory Surgery Center
GULF COMPREHENSIVE SURGERY CENTER - 14960642|ENGLEWOOD|Sarasota|Freestanding Ambulatory Surgery Center
GULF POINTE SURGERY CENTER - 14960586|PORT CHARLOTTE|Charlotte|Freestanding Ambulatory Surgery Center
GULFCOAST SURGERY CENTER INC - 14960451|SARASOTA|Sarasota|Freestanding Ambulatory Surgery Center
GULFSHORE ENDOSCOPY CENTER, INC - 248|NAPLES|Collier|Freestanding Ambulatory Surgery Center
GULFSTREAM AMBULATORY SURGERY CENTER LLC - 14960513|CORAL SPRINGS|Broward|Freestanding Ambulatory Surgery Center
H LEE MOFFITT CANCER CTR & RESEARCH INSTITUTE HOSPITAL - 110009|TAMPA|Hillsborough|Hospital Based Ambulatory Surgery Center
HALIFAX HEALTH MEDICAL CENTER - 100017|DAYTONA BEACH|Volusia|Hospital Based Ambulatory Surgery Center
HALIFAX HEALTH MEDICAL CENTER- PORT ORANGE - 23960051|PORT ORANGE|Volusia|Hospital Based Ambulatory Surgery Center
HALLANDALE OUTPATIENT SURGICAL CENTER - 14960541|HALLANDALE|Broward|Freestanding Ambulatory Surgery Center
HARBORSIDE SURGERY CENTER, LLC - 219|PUNTA GORDA|Charlotte|Freestanding Ambulatory Surgery Center
HEALTH BOULEVARD SURGICAL CENTER, LLC - 14960496|DAYTONA BEACH|Volusia|Freestanding Ambulatory Surgery Center
HEALTH CENTRAL - 100030|OCOEE|Orange|Hospital Based Ambulatory Surgery Center
HEALTHMARK REGIONAL MEDICAL CENTER - 100081|DEFUNIAK SPRINGS|Walton|Hospital Based Ambulatory Surgery Center
HEALTHPARK MEDICAL CENTER - 120005|FORT MYERS|Lee|Hospital Based Ambulatory Surgery Center
HEART OF FLORIDA REGIONAL MEDICAL CENTER - 100137|DAVENPORT|Polk|Hospital Based Ambulatory Surgery Center
HENDRY REGIONAL MEDICAL CENTER - 100098|CLEWISTON|Hendry|Hospital Based Ambulatory Surgery Center
HERNANDO ENDOSCOPY AND SURGERY CENTER - 277|BROOKSVILLE|Hernando|Freestanding Ambulatory Surgery Center
HIALEAH HOSPITAL - 100053|HIALEAH|Miami-Dade|Hospital Based Ambulatory Surgery Center
HIGHLANDS REGIONAL MEDICAL CENTER - 100049|SEBRING|Highlands|Hospital Based Ambulatory Surgery Center
HOLIDAY SURGERY CENTER - 84|HOLIDAY|Pasco|Freestanding Ambulatory Surgery Center
HOLMES REGIONAL MEDICAL CENTER - 100019|MELBOURNE|Brevard|Hospital Based Ambulatory Surgery Center
HOLY CROSS HOSPITAL - 100073|FORT LAUDERDALE|Broward|Hospital Based Ambulatory Surgery Center
HOMESTEAD HOSPITAL - 100125|HOMESTEAD|Miami-Dade|Hospital Based Ambulatory Surgery Center
INDIAN RIVER MEDICAL CENTER - 100105|VERO BEACH|Indian River|Hospital Based Ambulatory Surgery Center
INDIAN RIVER SURGERY CENTER - 121|VERO BEACH|Indian River|Freestanding Ambulatory Surgery Center
INTERCOASTAL MEDICAL GROUP AMBULATORY SURGERY CENTER - 14960484|SARASOTA|Sarasota|Freestanding Ambulatory Surgery Center
INTERVENTIONAL REHABILITATION CENTER LLC - 14960350|PENSACOLA|Escambia|Freestanding Ambulatory Surgery Center
INVIGA SURGERY & HEALTH CENTER - 44|MIAMI|Miami-Dade|Freestanding Ambulatory Surgery Center
JACKSON HOSPITAL - 100142|MARIANNA|Jackson|Hospital Based Ambulatory Surgery Center
JACKSON MEMORIAL HOSPITAL - 100022|MIAMI|Miami-Dade|Hospital Based Ambulatory Surgery Center
JACKSON NORTH MEDICAL CENTER - 100114|NORTH MIAMI BEACH|Miami-Dade|Hospital Based Ambulatory Surgery Center
JACKSON SOUTH COMMUNITY HOSPITAL - 100208|MIAMI|Miami-Dade|Hospital Based Ambulatory Surgery Center
JACKSONVILLE BEACH SURGERY CENTER - 14960415|JACKSONVILLE BEACH|Duval|Freestanding Ambulatory Surgery Center
JACKSONVILLE CENTER FOR ENDOSCOPY - 14960386|JACKSONVILLE|Duval|Freestanding Ambulatory Surgery Center
JACKSONVILLE CENTER FOR ENDOSCOPY-SOUTHSIDE - 14960473|JACKSONVILLE|Duval|Freestanding Ambulatory Surgery Center
JACKSONVILLE SURGERY CENTER - 41|JACKSONVILLE|Duval|Freestanding Ambulatory Surgery Center
JAY HOSPITAL - 100048|JAY|Santa Rosa|Hospital Based Ambulatory Surgery Center
JFK MEDICAL CENTER - 100080|ATLANTIS|Palm Beach|Hospital Based Ambulatory Surgery Center
JUPITER EYE SURGERY CENTER LLC - 36|JUPITER|Palm Beach|Freestanding Ambulatory Surgery Center
JUPITER MEDICAL CENTER - 100253|JUPITER|Palm Beach|Hospital Based Ambulatory Surgery Center
JUPITER OUTPATIENT SURGERY CENTER, LLC - 14960431|JUPITER|Palm Beach|Freestanding Ambulatory Surgery Center
KENDALL ENDOSCOPY AND SURGERY CENTER - 14960457|MIAMI|Miami-Dade|Freestanding Ambulatory Surgery Center
KENDALL REGIONAL MEDICAL CENTER - 100209|MIAMI|Miami-Dade|Hospital Based Ambulatory Surgery Center
KEY BISCAYNE SURGERY CENTER - 14960692|KEY BISCAYNE|Miami-Dade|Freestanding Ambulatory Surgery Center
KISSIMMEE ENDOSCOPY CENTER - 14960432|KISSIMMEE|Osceola|Freestanding Ambulatory Surgery Center
KISSIMMEE SURGERY CENTER - 111|KISSIMMEE|Osceola|Freestanding Ambulatory Surgery Center
LAKE BUTLER HOSPITAL HAND SURGERY CENTER - 100241|LAKE BUTLER|Union|Hospital Based Ambulatory Surgery Center
LAKE CITY MEDICAL CENTER - 100156|LAKE CITY|Columbia|Hospital Based Ambulatory Surgery Center
LAKE CITY SURGERY CENTER LLC - 14960327|LAKE CITY|Columbia|Freestanding Ambulatory Surgery Center
LAKE ENDOSCOPY CENTER - 14960641|SUMMERFIELD|Marion|Freestanding Ambulatory Surgery Center
LAKE MARY SURGERY CENTER - 14960528|LAKE MARY|Seminole|Freestanding Ambulatory Surgery Center
LAKE MARY SURGICAL CENTER - 14960338|LAKE MARY|Seminole|Freestanding Ambulatory Surgery Center
LAKE SURGERY & ENDOSCOPY CENTER - 238|LEESBURG|Lake|Freestanding Ambulatory Surgery Center
LAKE WALES MEDICAL CENTER - 100099|LAKE WALES|Polk|Hospital Based Ambulatory Surgery Center
LAKE WORTH SURGICAL CENTER - 14960358|LAKE WORTH|Palm Beach|Freestanding Ambulatory Surgery Center
LAKELAND REGIONAL MEDICAL CENTER - 100157|LAKELAND|Polk|Hospital Based Ambulatory Surgery Center
LAKELAND SURGICAL & DIAGNOSTIC CENTER - 278|LAKELAND|Polk|Freestanding Ambulatory Surgery Center
LAKESIDE MEDICAL CENTER - 100130|BELLE GLADE|Palm Beach|Hospital Based Ambulatory Surgery Center
LAKESIDE SURGERY CENTER - 14960335|ORLANDO|Orange|Freestanding Ambulatory Surgery Center
LAKEWOOD RANCH MEDICAL CENTER - 23960046|BRADENTON|Manatee|Hospital Based Ambulatory Surgery Center
LARGO AMBULATORY SURGERY CENTER - 14960446|LARGO|Pinellas|Freestanding Ambulatory Surgery Center
LARGO MEDICAL CENTER - 100248|LARGO|Pinellas|Hospital Based Ambulatory Surgery Center
LARGO MEDICAL CENTER - INDIAN ROCKS - 100015|LARGO|Pinellas|Hospital Based Ambulatory Surgery Center
LARKIN COMMUNITY HOSPITAL - 100181|SOUTH MIAMI|Miami-Dade|Hospital Based Ambulatory Surgery Center
LASER & OUTPATIENT SURGERY CENTER - 14960582|GAINESVILLE|Alachua|Freestanding Ambulatory Surgery Center
LASER & SURGERY CENTER OF THE PALM BEACHES - 14960489|WEST PALM BEACH|Palm Beach|Freestanding Ambulatory Surgery Center
LASER & SURGICAL SERVICES AT CENTER FOR SIGHT, LLC - 14960400|SARASOTA|Sarasota|Freestanding Ambulatory Surgery Center
LASER AND SURGERY CENTER, THE - 14960390|PANAMA CITY|Bay|Freestanding Ambulatory Surgery Center
LASER SPINE SURGICAL CENTER - 14960607|TAMPA|Hillsborough|Freestanding Ambulatory Surgery Center
LAWNWOOD REGIONAL MEDICAL CENTER & HEART INSTITUTE - 100246|FORT PIERCE|St. Lucie|Hospital Based Ambulatory Surgery Center
LECANTO SURGERY CENTER - 14960348|LECANTO|Citrus|Freestanding Ambulatory Surgery Center
LEE ISLAND COAST SURGERY CENTER - 57|FORT MYERS|Lee|Freestanding Ambulatory Surgery Center
LEE MEMORIAL HOSPITAL - 100012|FORT MYERS|Lee|Hospital Based Ambulatory Surgery Center
LEESBURG REGIONAL MEDICAL CENTER - 100084|LEESBURG|Lake|Hospital Based Ambulatory Surgery Center
LEHIGH REGIONAL MEDICAL CENTER - 100107|LEHIGH ACRES|Lee|Hospital Based Ambulatory Surgery Center
LIVE OAK ENDOSCOPY CENTER, LLC - 14960450|VERO BEACH|Indian River|Freestanding Ambulatory Surgery Center
LOWER KEYS MEDICAL CENTER - 100195|KEY WEST|Monroe|Hospital Based Ambulatory Surgery Center
MADISON COUNTY MEMORIAL HOSPITAL - 100004|MADISON|Madison|Hospital Based Ambulatory Surgery Center
MAITLAND SURGERY CENTER - 14960737|MAITLAND|Orange|Freestanding Ambulatory Surgery Center
MANATEE MEMORIAL HOSPITAL - 100035|BRADENTON|Manatee|Hospital Based Ambulatory Surgery Center
MANATEE SURGICAL CENTER - 14960385|BRADENTON|Manatee|Freestanding Ambulatory Surgery Center
MARINER SURGERY CENTER - 14960453|SPRING HILL|Hernando|Freestanding Ambulatory Surgery Center
MARINERS HOSPITAL - 100160|TAVERNIER|Monroe|Hospital Based Ambulatory Surgery Center
MARTIN HOSPITAL SOUTH - 120009|STUART|Martin|Hospital Based Ambulatory Surgery Center
MARTIN MEDICAL CENTER - 100044|STUART|Martin|Hospital Based Ambulatory Surgery Center
MAYO CLINIC - 100151|JACKSONVILLE|Duval|Hospital Based Ambulatory Surgery Center
MAYO CLINIC JACKSONVILLE ASC FOR GI - 137|JACKSONVILLE|Duval|Freestanding Ambulatory Surgery Center
MEASE COUNTRYSIDE HOSPITAL - 110001|SAFETY HARBOR|Pinellas|Hospital Based Ambulatory Surgery Center
MEASE DUNEDIN HOSPITAL - 100043|DUNEDIN|Pinellas|Hospital Based Ambulatory Surgery Center
MEDICAL ARTS SURGERY CENTER - 258|MIAMI|Miami-Dade|Freestanding Ambulatory Surgery Center
MEDICAL ARTS SURGERY CENTER AT SOUTH MIAMI - 14960546|MIAMI|Miami-Dade|Freestanding Ambulatory Surgery Center
MEDICAL CENTER OF TRINITY - 100191|TRINITY|Pasco|Hospital Based Ambulatory Surgery Center
MEDICAL DEVELOPMENT CORPORATION OF PASCO COUNTY - 20|HUDSON|Pasco|Freestanding Ambulatory Surgery Center
MEDICAL SPECIALTY PROCEDURES, LC - 14960435|VERO BEACH|Indian River|Freestanding Ambulatory Surgery Center
MELBOURNE GI CENTER - 14960436|MELBOURNE|Brevard|Freestanding Ambulatory Surgery Center
MELBOURNE SAME-DAY SURGERY - 14960373|MELBOURNE|Brevard|Freestanding Ambulatory Surgery Center
MELBOURNE SURGERY CENTER - 249|MELBOURNE|Brevard|Freestanding Ambulatory Surgery Center
MEMORIAL HOSPITAL JACKSONVILLE - 100179|JACKSONVILLE|Duval|Hospital Based Ambulatory Surgery Center
MEMORIAL HOSPITAL MIRAMAR - 23960050|MIRAMAR|Broward|Hospital Based Ambulatory Surgery Center
MEMORIAL HOSPITAL OF TAMPA - 100206|TAMPA|Hillsborough|Hospital Based Ambulatory Surgery Center
MEMORIAL HOSPITAL PEMBROKE - 100230|PEMBROKE PINES|Broward|Hospital Based Ambulatory Surgery Center
MEMORIAL HOSPITAL WEST - 111527|PEMBROKE PINES|Broward|Hospital Based Ambulatory Surgery Center
MEMORIAL REGIONAL HOSPITAL - 100038|HOLLYWOOD|Broward|Hospital Based Ambulatory Surgery Center
MEMORIAL REGIONAL HOSPITAL SOUTH - 100225|HOLLYWOOD|Broward|Hospital Based Ambulatory Surgery Center
MEMORIAL SAME DAY SURGERY CENTER-WEST - 239|PEMBROKE PINES|Broward|Freestanding Ambulatory Surgery Center
MEMORIAL SAME DAY SURGERY CENTERS - 13|HOLLYWOOD|Broward|Freestanding Ambulatory Surgery Center
MERCY HOSPITAL A CAMPUS OF PLANTATION GENERAL HOSPITAL - 100061|MIAMI|Miami-Dade|Hospital Based Ambulatory Surgery Center
MERRITT ISLAND SURGERY CENTER - 107|MERRITT ISLAND|Brevard|Freestanding Ambulatory Surgery Center
METROPOLITAN HOSPITAL OF MIAMI - 100076|MIAMI|Miami-Dade|Hospital Based Ambulatory Surgery Center
MIAMI CHILDREN'S HOSPITAL - 110199|MIAMI|Miami-Dade|Hospital Based Ambulatory Surgery Center
MIAMI HAND CENTER, LLC - 14960354|MIAMI|Miami-Dade|Freestanding Ambulatory Surgery Center
MIAMI LAKES SURGERY CENTER - 14960587|MIAMI LAKES|Miami-Dade|Freestanding Ambulatory Surgery Center
MIAMI SURGICAL CENTER - 14960487|MIAMI|Miami-Dade|Freestanding Ambulatory Surgery Center
MID-FLORIDA SURGERY CENTER - 131|MOUNT DORA|Lake|Freestanding Ambulatory Surgery Center
MIDTOWN OUTPATIENT SURGERY CENTER LLC - 14960755|DELRAY BEACH|Palm Beach|Freestanding Ambulatory Surgery Center
MILLENIA SURGERY CENTER, LLC - 14960530|ORLANDO|Orange|Freestanding Ambulatory Surgery Center
MNH GI SURGICAL CENTER LLC - 14960357|MAITLAND|Orange|Freestanding Ambulatory Surgery Center
MODULAR FREESTANDING SURGERY CENTER - 14960418|LAKE BUTLER|Union|Freestanding Ambulatory Surgery Center
MONTGOMERY EYE CENTER, INC - 45|NAPLES|Collier|Freestanding Ambulatory Surgery Center
MORTON PLANT HOSPITAL - 100127|CLEARWATER|Pinellas|Hospital Based Ambulatory Surgery Center
MORTON PLANT NORTH BAY HOSPITAL - 100063|NEW PORT RICHEY|Pasco|Hospital Based Ambulatory Surgery Center
MOUNT SINAI MEDICAL CENTER - 100034|MIAMI BEACH|Miami-Dade|Hospital Based Ambulatory Surgery Center
MULLIS EYE INSTITUTE - 8|PANAMA CITY|Bay|Freestanding Ambulatory Surgery Center
MUNROE REGIONAL MEDICAL CENTER - 100062|OCALA|Marion|Hospital Based Ambulatory Surgery Center
MURDOCK AMBULATORY SURGERY CENTER - 14960592|PORT CHARLOTTE|Charlotte|Freestanding Ambulatory Surgery Center
NAPLES COMMUNITY HOSPITAL - 100018|NAPLES|Collier|Hospital Based Ambulatory Surgery Center
NAPLES DAY SURGERY NORTH - 122|NAPLES|Collier|Freestanding Ambulatory Surgery Center
NAPLES DAY SURGERY SOUTH - 18|NAPLES|Collier|Freestanding Ambulatory Surgery Center
NAPLES EYE SURGERY CENTER, LLC - 14960538|NAPLES|Collier|Freestanding Ambulatory Surgery Center
NAWADA PLASTIC & COSMETIC SURGERY CENTER - 14960426|Winter Haven|Polk|Freestanding Ambulatory Surgery Center
NCH HEALTHCARE SYSTEM NORTH NAPLES HOSPITAL CAMPUS - 120006|NAPLES|Collier|Hospital Based Ambulatory Surgery Center
NEW PORT RICHEY SURGERY CENTER AT TRINITY - 29|TRINITY|Pasco|Freestanding Ambulatory Surgery Center
NEW SMYRNA BEACH AMBULATORY CARE CENTER INC - 161|NEW SMYRNA BEACH|Volusia|Freestanding Ambulatory Surgery Center
NEW TAMPA SURGERY CENTER - 14960606|WESLEY CHAPEL|Pasco|Freestanding Ambulatory Surgery Center
NEWGATE SURGERY CENTER - 237|NAPLES|Collier|Freestanding Ambulatory Surgery Center
NORTH COUNTY SURGICENTER - 164|PALM BEACH GARDENS|Palm Beach|Freestanding Ambulatory Surgery Center
NORTH FLORIDA ENDOSCOPY CENTER - 14960375|GAINESVILLE|Alachua|Freestanding Ambulatory Surgery Center
NORTH FLORIDA REGIONAL MEDICAL CENTER - 100204|GAINESVILLE|Alachua|Hospital Based Ambulatory Surgery Center
NORTH FLORIDA SURGERY CENTER INC - 257|LAKE CITY|Columbia|Freestanding Ambulatory Surgery Center
NORTH FLORIDA SURGICAL PAVILION - 183|GAINESVILLE|Alachua|Freestanding Ambulatory Surgery Center
NORTH HABANA SURGICAL CENTER - 14960384|TAMPA|Hillsborough|Freestanding Ambulatory Surgery Center
NORTH MIAMI BEACH SURGICAL CENTER - 14960423|NORTH MIAMI BEACH|Miami-Dade|Freestanding Ambulatory Surgery Center
NORTH OKALOOSA MEDICAL CENTER - 100122|CRESTVIEW|Okaloosa|Hospital Based Ambulatory Surgery Center
NORTH PINELLAS SURGERY CENTER - 14960437|DUNEDIN|Pinellas|Freestanding Ambulatory Surgery Center
NORTH SHORE MEDICAL CENTER - 100029|MIAMI|Miami-Dade|Hospital Based Ambulatory Surgery Center
NORTH TAMPA OUTPATIENT SURGICAL FACILITY - 14960661|TAMPA|Hillsborough|Freestanding Ambulatory Surgery Center
NORTHPOINT SURGERY & LASER CENTER - 275|WEST PALM BEACH|Palm Beach|Freestanding Ambulatory Surgery Center
NORTHSIDE HOSPITAL - 100238|SAINT PETERSBURG|Pinellas|Hospital Based Ambulatory Surgery Center
NORTHWEST FLORIDA COMMUNITY HOSPITAL - 100147|CHIPLEY|Washington|Hospital Based Ambulatory Surgery Center
NORTHWEST FLORIDA GASTROENTEROLOGY CENTER - 188|PANAMA CITY|Bay|Freestanding Ambulatory Surgery Center
NORTHWEST FLORIDA SURGERY CENTER - 220|PANAMA CITY|Bay|Freestanding Ambulatory Surgery Center
NORTHWEST FLORIDA SURGICAL CENTER - 187|PENSACOLA|Escambia|Freestanding Ambulatory Surgery Center
NORTHWEST MEDICAL CENTER - 100189|MARGATE|Broward|Hospital Based Ambulatory Surgery Center
NSCOA - 14960739|WINTER PARK|Orange|Freestanding Ambulatory Surgery Center
OAK HILL HOSPITAL - 100264|BROOKSVILLE|Hernando|Hospital Based Ambulatory Surgery Center
OCALA EYE SURGERY CENTER, THE - 246|OCALA|Marion|Freestanding Ambulatory Surgery Center
OCALA REGIONAL MEDICAL CENTER - 100212|OCALA|Marion|Hospital Based Ambulatory Surgery Center
OCALA SPECIALTY SURGERY CENTER LLC - 115|OCALA|Marion|Freestanding Ambulatory Surgery Center
OLD MOULTRIE SURGICAL CENTER INC - 14960379|SAINT AUGUSTINE|St. Johns|Freestanding Ambulatory Surgery Center
ONE DAY SURGERY - 113|PORT SAINT LUCIE|St. Lucie|Freestanding Ambulatory Surgery Center
ORANGE CITY SURGERY CENTER - 14960662|ORANGE CITY|Volusia|Freestanding Ambulatory Surgery Center
ORANGE PARK MEDICAL CENTER - 100226|ORANGE PARK|Clay|Hospital Based Ambulatory Surgery Center
ORANGE PARK SURGERY CENTER - 146|ORANGE PARK|Clay|Freestanding Ambulatory Surgery Center
ORLANDO CENTER FOR OUTPATIENT SURGERY - 148|ORLANDO|Orange|Freestanding Ambulatory Surgery Center
ORLANDO OPHTHALMOLOGY SURGERY CENTER, LLC - 14960447|ORLANDO|Orange|Freestanding Ambulatory Surgery Center
ORLANDO ORTHOPAEDIC OUTPATIENT SURGERY CENTER, LLC - 14960746|ORLANDO|Orange|Freestanding Ambulatory Surgery Center
ORLANDO REGIONAL MEDICAL CENTER - 100006|ORLANDO|Orange|Hospital Based Ambulatory Surgery Center
ORTHOPAEDIC SURGERY CENTER - 14960402|GAINESVILLE|Alachua|Freestanding Ambulatory Surgery Center
ORTHOPAEDIC SURGERY CENTER OF CLEARWATER - 14960417|CLEARWATER|Pinellas|Freestanding Ambulatory Surgery Center
OSCEOLA REGIONAL MEDICAL CENTER - 100110|KISSIMMEE|Osceola|Hospital Based Ambulatory Surgery Center
OUTPATIENT PLASTIC SURGERY CENTER - 14960352|PALM SPRINGS|Palm Beach|Freestanding Ambulatory Surgery Center
OUTPATIENT SURGERY CENTER OF BOCA - 14960353|BOCA RATON|Palm Beach|Freestanding Ambulatory Surgery Center
OUTPATIENT SURGERY CENTER OF ST AUGUSTINE, LLC - 14960527|SAINT AUGUSTINE|St. Johns|Freestanding Ambulatory Surgery Center
OUTPATIENT SURGICAL SERVICES - 92|PLANTATION|Broward|Freestanding Ambulatory Surgery Center
PACE SURGERY CENTER - 14960664|PACE|Santa Rosa|Freestanding Ambulatory Surgery Center
PADDOCK PARK SURGERY CENTER LLC - 14960444|OCALA|Marion|Freestanding Ambulatory Surgery Center
PALM BAY HOSPITAL - 120007|PALM BAY|Brevard|Hospital Based Ambulatory Surgery Center
PALM BEACH EYE CLINIC - 49|WEST PALM BEACH|Palm Beach|Freestanding Ambulatory Surgery Center
PALM BEACH GARDENS MEDICAL CENTER - 100176|PALM BEACH GARDENS|Palm Beach|Hospital Based Ambulatory Surgery Center
PALM BEACH OUTPATIENT SURGICAL CENTER - 16|LAKE WORTH|Palm Beach|Freestanding Ambulatory Surgery Center
PALM BEACH SURGERY CENTER, LLC - 14960479|WELLINGTON|Palm Beach|Freestanding Ambulatory Surgery Center
PALM ENDOSCOPY CENTER - 14960441|ALTAMONTE SPRINGS|Seminole|Freestanding Ambulatory Surgery Center
PALM SPRINGS GENERAL HOSPITAL - 100050|HIALEAH|Miami-Dade|Hospital Based Ambulatory Surgery Center
PALMETTO GENERAL HOSPITAL - 100187|HIALEAH|Miami-Dade|Hospital Based Ambulatory Surgery Center
PALMETTO SURGERY CENTER, THE - 14960330|HIALEAH|Miami-Dade|Freestanding Ambulatory Surgery Center
PALMS OF PASADENA HOSPITAL - 100126|SAINT PETERSBURG|Pinellas|Hospital Based Ambulatory Surgery Center
PALMS WELLINGTON SURGICAL CENTER - 14960429|ROYAL PALM BEACH|Palm Beach|Freestanding Ambulatory Surgery Center
PALMS WEST HOSPITAL - 110006|LOXAHATCHEE|Palm Beach|Hospital Based Ambulatory Surgery Center
PALMS WEST SURGICENTER - 14960585|LOXAHATCHEE|Palm Beach|Freestanding Ambulatory Surgery Center
PANAMA CITY SURGERY CENTER - 14960494|PANAMA CITY|Bay|Freestanding Ambulatory Surgery Center
PARK PLACE SURGERY CENTER - 14960521|MAITLAND|Orange|Freestanding Ambulatory Surgery Center
PARKCREEK SURGERY CENTER - 14960578|COCONUT CREEK|Broward|Freestanding Ambulatory Surgery Center
PARKSIDE SURGERY CENTER - 140|JACKSONVILLE|Duval|Freestanding Ambulatory Surgery Center
PARRISH MEDICAL CENTER - 100028|TITUSVILLE|Brevard|Hospital Based Ambulatory Surgery Center
PASADENA SURGERY CENTER - 14960619|SAINT PETERSBURG|Pinellas|Freestanding Ambulatory Surgery Center
PASCO REGIONAL MEDICAL CENTER - 100211|DADE CITY|Pasco|Hospital Based Ambulatory Surgery Center
PEACE RIVER REGIONAL MEDICAL CENTER - 100077|PORT CHARLOTTE|Charlotte|Hospital Based Ambulatory Surgery Center
PEDIATRIC SURGERY CENTER - ODESSA - 14960656|ODESSA|Hillsborough|Freestanding Ambulatory Surgery Center
PEDIATRIC SURGERY CENTERS - 14960532|TAMPA|Hillsborough|Freestanding Ambulatory Surgery Center
PHYSICIANS AMBULATORY SURGERY CENTER - 196|ORMOND BEACH|Volusia|Freestanding Ambulatory Surgery Center
PHYSICIANS DAY SURGERY CENTER, INC - 14960346|NAPLES|Collier|Freestanding Ambulatory Surgery Center
PHYSICIANS OUTPATIENT SURGERY CENTER - 14960371|OAKLAND PARK|Broward|Freestanding Ambulatory Surgery Center
PHYSICIANS REGIONAL MEDICAL CENTER - COLLIER BOULEVARD - 23960057|NAPLES|Collier|Hospital Based Ambulatory Surgery Center
PHYSICIANS REGIONAL MEDICAL CENTER - PINE RIDGE - 23960025|Naples|Collier|Hospital Based Ambulatory Surgery Center
PHYSICIANS SURGICAL CARE CENTER - 201|WINTER PARK|Orange|Freestanding Ambulatory Surgery Center
PLANTATION GENERAL HOSPITAL - 100167|PLANTATION|Broward|Hospital Based Ambulatory Surgery Center
PLANTATION SURGERY CENTER - 14960536|PLANTATION|Broward|Freestanding Ambulatory Surgery Center
PLASTIC SURGERY CENTER OF LAKE COUNTY - 14960325|TAVARES|Lake|Freestanding Ambulatory Surgery Center
PLAZA SURGERY CENTER II - 14960634|JACKSONVILLE|Duval|Freestanding Ambulatory Surgery Center
PONTE VEDRA AMBULATORY SURGERY CENTER - 14960476|PONTE VEDRA BEACH|St. Johns|Freestanding Ambulatory Surgery Center
PONTE VEDRA BEACH SURGERY CENTER LLC - 14960512|PONTE VEDRA BEACH|St. Johns|Freestanding Ambulatory Surgery Center
PORT ORANGE ENDOSCOPY & SURGERY CENTER, INC - 14960555|PORT ORANGE|Volusia|Freestanding Ambulatory Surgery Center
PREMIER ENDOSCOPY CENTER - 14960628|NAPLES|Collier|Freestanding Ambulatory Surgery Center
PREMIER SURGERY CENTER OF SARASOTA - 9|SARASOTA|Sarasota|Freestanding Ambulatory Surgery Center
PREMIER SURGICAL CENTER LLC - 14960704|TAVARES|Lake|Freestanding Ambulatory Surgery Center
PRESIDENTIAL SURGICENTER, INC - 68|WEST PALM BEACH|Palm Beach|Freestanding Ambulatory Surgery Center
PROMENADES SURGERY CENTER - 14960434|PORT CHARLOTTE|Charlotte|Freestanding Ambulatory Surgery Center
PUTNAM COMMUNITY MEDICAL CENTER - 100232|PALATKA|Putnam|Hospital Based Ambulatory Surgery Center
RAND SURGICAL PAVILLION CORP - 124|POMPANO BEACH|Broward|Freestanding Ambulatory Surgery Center
RAULERSON HOSPITAL - 100252|OKEECHOBEE|Okeechobee|Hospital Based Ambulatory Surgery Center
REGENCY CENTER FOR WOMEN & INFANTS - 120010|WINTER HAVEN|Polk|Hospital Based Ambulatory Surgery Center
REGIONAL GENERAL HOSPITAL WILLISTON - 100139|WILLISTON|Levy|Hospital Based Ambulatory Surgery Center
REGIONAL MEDICAL CENTER BAYONET POINT - 100256|HUDSON|Pasco|Hospital Based Ambulatory Surgery Center
RIVERSIDE PARK SURGICENTER - 150|JACKSONVILLE|Duval|Freestanding Ambulatory Surgery Center
RIVERSIDE SURGERY CENTER - 274|SEBASTIAN|Indian River|Freestanding Ambulatory Surgery Center
RIVERSIDE SURGICAL CENTER - 14960720|JACKSONVILLE|Duval|Freestanding Ambulatory Surgery Center
RIVERWALK AMBULATORY SURGERY CENTER - 14960700|BRADENTON|Manatee|Freestanding Ambulatory Surgery Center
RIVERWALK ENDOSCOPY AND SURGERY CENTER, LLC - 14960591|FORT MYERS|Lee|Freestanding Ambulatory Surgery Center
RIVERWALK SURGERY CENTER, INC - 14960328|FORT MYERS|Lee|Freestanding Ambulatory Surgery Center
RMG IVF/SURGERY CENTER - 14960501|TAMPA|Hillsborough|Freestanding Ambulatory Surgery Center
ROSATO PLASTIC SURGERY CENTER - 14960361|VERO BEACH|Indian River|Freestanding Ambulatory Surgery Center
SACRED HEART HOSPITAL - 100025|PENSACOLA|Escambia|Hospital Based Ambulatory Surgery Center
SACRED HEART HOSPITAL ON THE EMERALD COAST - 23960041|MIRAMAR BEACH|Walton|Hospital Based Ambulatory Surgery Center
SACRED HEART HOSPITAL ON THE GULF - 23960084|PORT SAINT JOE|Gulf|Freestanding Ambulatory Surgery Center
SAFETY HARBOR SURGERY CENTER LLC - 14960749|CLEARWATER|Pinellas|Freestanding Ambulatory Surgery Center
SAME DAY SURGERY CENTER - 14960597|ZEPHYRHILLS|Pasco|Freestanding Ambulatory Surgery Center
SAME DAY SURGICENTER OF ORLANDO - 56|ORLANDO|Orange|Freestanding Ambulatory Surgery Center
SAMUEL WELLS SURGICENTER - 96|JACKSONVILLE|Duval|Freestanding Ambulatory Surgery Center
SANCTUARY SURGICAL CENTRE - 14960388|BOCA RATON|Palm Beach|Freestanding Ambulatory Surgery Center
SAND LAKE SURGERY CENTER - 14960686|ORLANDO|Orange|Freestanding Ambulatory Surgery Center
SANTA LUCIA SURGICAL CENTER - 99|MIAMI|Miami-Dade|Freestanding Ambulatory Surgery Center
SANTA ROSA MEDICAL CENTER - 100124|MILTON|Santa Rosa|Hospital Based Ambulatory Surgery Center
SARASOTA AMBULATORY SURGERY CENTER, LTD - 14960422|SARASOTA|Sarasota|Freestanding Ambulatory Surgery Center
SARASOTA MEMORIAL HOSPITAL - 100087|SARASOTA|Sarasota|Hospital Based Ambulatory Surgery Center
SARASOTA PLASTIC SURGERY CENTER, INC - 14960320|SARASOTA|Sarasota|Freestanding Ambulatory Surgery Center
SEASCAPE SURGERY CENTER - 14960683|TAMPA|Hillsborough|Freestanding Ambulatory Surgery Center
SEBASTIAN RIVER MEDICAL CENTER - 100217|SEBASTIAN|Indian River|Hospital Based Ambulatory Surgery Center
SEVEN HILLS SURGERY CENTER - 14960533|TALLAHASSEE|Leon|Freestanding Ambulatory Surgery Center
SEVEN RIVERS REGIONAL MEDICAL CENTER - 100249|CRYSTAL RIVER|Citrus|Hospital Based Ambulatory Surgery Center
SEVEN SPRINGS SURGERY CENTER - 132|New Port Richey|Pasco|Freestanding Ambulatory Surgery Center
SHANDS LAKE SHORE REGIONAL MEDICAL CENTER - 100102|LAKE CITY|Columbia|Hospital Based Ambulatory Surgery Center
SHANDS LIVE OAK REGIONAL MEDICAL CENTER - 100146|LIVE OAK|Suwannee|Hospital Based Ambulatory Surgery Center
SHANDS STARKE REGIONAL MEDICAL CENTER - 100103|STARKE|Bradford|Hospital Based Ambulatory Surgery Center
SHRINERS HOSPITALS FOR CHILDREN-TAMPA - 110012|TAMPA|Hillsborough|Freestanding Ambulatory Surgery Center
SOUTH BAY HOSPITAL - 100259|SUN CITY CENTER|Hillsborough|Hospital Based Ambulatory Surgery Center
SOUTH BROWARD ENDOSCOPY, LLC - 14960572|COOPER CITY|Broward|Freestanding Ambulatory Surgery Center
SOUTH COUNTY OUTPATIENT SURGERY CENTER - 14960594|DELRAY BEACH|Palm Beach|Freestanding Ambulatory Surgery Center
SOUTH FLORIDA AMBULATORY SURGICAL CENTER - 14960506|MIAMI|Miami-Dade|Freestanding Ambulatory Surgery Center
SOUTH FLORIDA BAPTIST HOSPITAL - 100132|PLANT CITY|Hillsborough|Hospital Based Ambulatory Surgery Center
SOUTH LAKE HOSPITAL - 100051|CLERMONT|Lake|Hospital Based Ambulatory Surgery Center
SOUTH MIAMI HOSPITAL - 100154|SOUTH MIAMI|Miami-Dade|Hospital Based Ambulatory Surgery Center
SOUTH PALM AMBULATORY SURGERY CENTER - 14960589|BOCA RATON|Palm Beach|Freestanding Ambulatory Surgery Center
SOUTH SEMINOLE HOSPITAL - 100263|LONGWOOD|Seminole|Hospital Based Ambulatory Surgery Center
SOUTH TAMPA SURGERY CENTER - 14960456|TAMPA|Hillsborough|Freestanding Ambulatory Surgery Center
SOUTHEASTERN OUTPATIENT SURGERY CENTER - 14960537|TALLAHASSEE|Leon|Freestanding Ambulatory Surgery Center
SOUTHEASTERN SURGERY CENTER - 14960355|TALLAHASSEE|Leon|Freestanding Ambulatory Surgery Center
SOUTHPOINT SURGERY CENTER LLC - 14960573|JACKSONVILLE|Duval|Freestanding Ambulatory Surgery Center
SOUTHWEST FLORIDA INSTITUTE OF AMBULATORY SURGERY - 14|FORT MYERS|Lee|Freestanding Ambulatory Surgery Center
SPACE COAST ENDOSCOPY CENTER - 14960561|ROCKLEDGE|Brevard|Freestanding Ambulatory Surgery Center
SPECIALISTS IN UROLOGY SURGERY CENTER NORTH - 14960640|BONITA SPRINGS|Lee|Freestanding Ambulatory Surgery Center
SPECIALISTS IN UROLOGY SURGERY CENTER, LLC - 14960492|NAPLES|Collier|Freestanding Ambulatory Surgery Center
SPECIALISTS IN UROLOGY SURGERY CENTER-FT MYERS - 14960757|FORT MYERS|Lee|Freestanding Ambulatory Surgery Center
SPRING HILL REGIONAL HOSPITAL - 111525|SPRING HILL|Hernando|Hospital Based Ambulatory Surgery Center
ST ANTHONYS HOSPITAL - 100067|SAINT PETERSBURG|Pinellas|Hospital Based Ambulatory Surgery Center
ST ANTHONYS PHYSICIANS SURGERY CENTER - 14960519|SAINT PETERSBURG|Pinellas|Freestanding Ambulatory Surgery Center
ST AUGUSTINE ENDOSCOPY CENTER - 67|SAINT AUGUSTINE|St. Johns|Freestanding Ambulatory Surgery Center
ST AUGUSTINE SURGERY CENTER LLC - 14960339|SAINT AUGUSTINE|St. Johns|Freestanding Ambulatory Surgery Center
ST CLOUD REGIONAL MEDICAL CENTER - 100074|SAINT CLOUD|Osceola|Hospital Based Ambulatory Surgery Center
ST JOHN'S SURGERY CENTER - 234|FORT MYERS|Lee|Freestanding Ambulatory Surgery Center
ST JOSEPHS HOSPITAL - 100075|TAMPA|Hillsborough|Hospital Based Ambulatory Surgery Center
ST JOSEPHS HOSPITAL NORTH - 23960100|LUTZ|Hillsborough|Freestanding Ambulatory Surgery Center
ST LUCIE MEDICAL CENTER - 100260|PORT SAINT LUCIE|St. Lucie|Hospital Based Ambulatory Surgery Center
ST LUCIE SURGERY CENTER - 280|PORT SAINT LUCIE|St. Lucie|Freestanding Ambulatory Surgery Center
ST LUCIE SURGICAL CENTER - 14960398|FORT PIERCE|St. Lucie|Freestanding Ambulatory Surgery Center
ST LUCY'S OUTPATIENT SURGICAL CENTER - 75|PORT CHARLOTTE|Charlotte|Freestanding Ambulatory Surgery Center
ST LUKE'S SURGICAL CENTER - 5|TARPON SPRINGS|Pinellas|Freestanding Ambulatory Surgery Center
ST MARK'S SURGICAL CENTER, LLC - 14960621|FORT MYERS|Lee|Freestanding Ambulatory Surgery Center
ST MARY'S MEDICAL CENTER - 100010|WEST PALM BEACH|Palm Beach|Hospital Based Ambulatory Surgery Center
ST MICHAELS SURGERY CENTER - 14960389|LARGO|Pinellas|Freestanding Ambulatory Surgery Center
ST PETERSBURG ENDOSCOPY CENTER - 14960618|SAINT PETERSBURG|Pinellas|Freestanding Ambulatory Surgery Center
ST PETERSBURG GENERAL HOSPITAL - 100180|SAINT PETERSBURG|Pinellas|Hospital Based Ambulatory Surgery Center
ST VINCENT'S MEDICAL CENTER RIVERSIDE - 100040|JACKSONVILLE|Duval|Hospital Based Ambulatory Surgery Center
ST VINCENT'S MEDICAL CENTER SOUTHSIDE - 23960088|JACKSONVILLE|Duval|Hospital Based Ambulatory Surgery Center
SUNCOAST ENDOSCOPY CENTER - 14960403|INVERNESS|Citrus|Freestanding Ambulatory Surgery Center
SUNCOAST ENDOSCOPY OF SARASOTA, LLC - 14960449|SARASOTA|Sarasota|Freestanding Ambulatory Surgery Center
SUNCOAST EYE CENTER - 80|HUDSON|Pasco|Freestanding Ambulatory Surgery Center
SUNCOAST SPECIALTY SURGERY CENTER - 81|NEW PORT RICHEY|Pasco|Freestanding Ambulatory Surgery Center
SUNCOAST SURGERY CENTER, LLC - 14960387|FORT MYERS|Lee|Freestanding Ambulatory Surgery Center
SUNRISE SURGICAL CENTER - 170|DAYTONA BEACH|Volusia|Freestanding Ambulatory Surgery Center
SURGCENTER PINELLAS - 14960761|LARGO|Pinellas|Freestanding Ambulatory Surgery Center
SURGERY & ENDOSCOPY CENTER, THE - 14960488|SEBRING|Highlands|Freestanding Ambulatory Surgery Center
SURGERY CENTER AT CORAL SPRINGS - 180|CORAL SPRINGS|Broward|Freestanding Ambulatory Surgery Center
SURGERY CENTER AT DORAL - 14960697|DORAL|Miami-Dade|Freestanding Ambulatory Surgery Center
SURGERY CENTER AT POINTE WEST - EAST CENTER - 14960724|BRADENTON|Manatee|Freestanding Ambulatory Surgery Center
SURGERY CENTER AT POINTE WEST, THE - 14960365|BRADENTON|Manatee|Freestanding Ambulatory Surgery Center
SURGERY CENTER AT SACRED HEART MEDICAL PARK, THE - 14960490|DESTIN|Okaloosa|Freestanding Ambulatory Surgery Center
SURGERY CENTER AT ST ANDREWS - 190|VENICE|Sarasota|Freestanding Ambulatory Surgery Center
SURGERY CENTER OF AVENTURA - 14960464|AVENTURA|Miami-Dade|Freestanding Ambulatory Surgery Center
SURGERY CENTER OF CORAL GABLES, THE - 206|CORAL GABLES|Miami-Dade|Freestanding Ambulatory Surgery Center
SURGERY CENTER OF KEY WEST, LLC - 14960690|KEY WEST|Monroe|Freestanding Ambulatory Surgery Center
SURGERY CENTER OF LAKELAND HILLS BLVD - 14960552|LAKELAND|Polk|Freestanding Ambulatory Surgery Center
SURGERY CENTER OF MELBOURNE, THE - 14960323|MELBOURNE|Brevard|Freestanding Ambulatory Surgery Center
SURGERY CENTER OF MID FLORIDA - 14960728|OCALA|Marion|Freestanding Ambulatory Surgery Center
SURGERY CENTER OF MOUNT DORA LLC - 14960723|MOUNT DORA|Lake|Freestanding Ambulatory Surgery Center
SURGERY CENTER OF NORTH FLORIDA - 252|GAINESVILLE|Alachua|Freestanding Ambulatory Surgery Center
SURGERY CENTER OF OCALA - 241|OCALA|Marion|Freestanding Ambulatory Surgery Center
SURGERY CENTER OF OKEECHOBEE - 14960369|OKEECHOBEE|Okeechobee|Freestanding Ambulatory Surgery Center
SURGERY CENTER OF SOUTHWEST FLORIDA, INC - 14960421|FORT MYERS|Lee|Freestanding Ambulatory Surgery Center
SURGERY CENTER OF STUART - 55|STUART|Martin|Freestanding Ambulatory Surgery Center
SURGERY CENTER OF THE VILLAGES, LLC, THE - 14960677|SUMMERFIELD|Marion|Freestanding Ambulatory Surgery Center
SURGERY CENTER OF VOLUSIA, LLC - 14960470|PORT ORANGE|Volusia|Freestanding Ambulatory Surgery Center
SURGERY CENTER OF WESTON, LLC - 14960409|WESTON|Broward|Freestanding Ambulatory Surgery Center
SURGICAL CENTER AT SUN 'N LAKE - 14960691|SEBRING|Highlands|Freestanding Ambulatory Surgery Center
SURGICAL CENTER FOR EXCELLENCE - 14960548|PANAMA CITY|Bay|Freestanding Ambulatory Surgery Center
SURGICAL PARK CENTER - 91|MIAMI|Miami-Dade|Freestanding Ambulatory Surgery Center
SURGICAL SPECIALISTS ASC - 14960658|FORT WALTON BEACH|Okaloosa|Freestanding Ambulatory Surgery Center
SURGICARE CENTER, INC - 60|FORT MYERS|Lee|Freestanding Ambulatory Surgery Center
SURGICARE OF BOCA - 14960608|BOCA RATON|Palm Beach|Freestanding Ambulatory Surgery Center
SURGICARE OF MIRAMAR - 14960726|MIRAMAR|Broward|Freestanding Ambulatory Surgery Center
TAKE SHAPE SURGERY CENTER LLC - 14960543|PLANTATION|Broward|Freestanding Ambulatory Surgery Center
TALLAHASSEE ENDOSCOPY CENTER - 118|TALLAHASSEE|Leon|Freestanding Ambulatory Surgery Center
TALLAHASSEE MEMORIAL CENTER FOR PAIN MANAGEMENT - 14960540|TALLAHASSEE|Leon|Freestanding Ambulatory Surgery Center
TALLAHASSEE MEMORIAL HOSPITAL - 100135|TALLAHASSEE|Leon|Hospital Based Ambulatory Surgery Center
TALLAHASSEE OUTPATIENT SURGERY CENTER - 142|TALLAHASSEE|Leon|Freestanding Ambulatory Surgery Center
TALLAHASSEE OUTPATIENT SURGERY CENTER AT CAPITAL MEDICAL COMMONS - 14960471|TALLAHASSEE|Leon|Freestanding Ambulatory Surgery Center
TALLAHASSEE PLASTIC SURGERY CENTER - 14960638|TALLAHASSEE|Leon|Freestanding Ambulatory Surgery Center
TAMPA BAY ENDOSCOPY CENTER - 14960551|TAMPA|Hillsborough|Freestanding Ambulatory Surgery Center
TAMPA BAY HAND CENTER AMBULATORY SURGERY DIVISION - 14960367|TAMPA|Hillsborough|Freestanding Ambulatory Surgery Center
TAMPA BAY REGIONAL SURGERY CENTER - 14960483|LARGO|Pinellas|Freestanding Ambulatory Surgery Center
TAMPA BAY SPECIALTY SURGERY CENTER - 14960477|PINELLAS PARK|Pinellas|Freestanding Ambulatory Surgery Center
TAMPA BAY SURGERY CENTER - 145|TAMPA|Hillsborough|Freestanding Ambulatory Surgery Center
TAMPA BAY SURGERY CENTER MIDTOWN - 14960568|TAMPA|Hillsborough|Freestanding Ambulatory Surgery Center
TAMPA EYE & SPECIALTY SURGERY CENTER - 17|TAMPA|Hillsborough|Freestanding Ambulatory Surgery Center
TAMPA GENERAL HOSPITAL - 100128|TAMPA|Hillsborough|Hospital Based Ambulatory Surgery Center
TAMPA OUTPATIENT SURGICAL FACILITY - 59|TAMPA|Hillsborough|Freestanding Ambulatory Surgery Center
TAMPA SURGERY CENTER - 14960699|TAMPA|Hillsborough|Freestanding Ambulatory Surgery Center
THE ENDOSCOPY CENTER OF OCALA - 154|OCALA|Marion|Freestanding Ambulatory Surgery Center
THE OUTPATIENT CENTER OF BOYNTON BEACH - 210|BOYNTON BEACH|Palm Beach|Freestanding Ambulatory Surgery Center
THE OUTPATIENT CENTER OF DELRAY - 14960623|DELRAY BEACH|Palm Beach|Freestanding Ambulatory Surgery Center
THE SURGERY CENTER AT JENSEN BEACH - 14960507|JENSEN BEACH|Martin|Freestanding Ambulatory Surgery Center
THE SURGERY CENTER OF FT LAUDERDALE - 14960351|LAUDERDALE LAKES|Broward|Freestanding Ambulatory Surgery Center
THE SURGICAL CENTER OF THE TREASURE COAST, LLC - 14960472|PORT SAINT LUCIE|St. Lucie|Freestanding Ambulatory Surgery Center
TITUSVILLE CENTER FOR SURGICAL EXCELLENCE - 14960758|TITUSVILLE|Brevard|Freestanding Ambulatory Surgery Center
TLC OUTPATIENT SURGERY AND LASER CENTER - 14960616|LADY LAKE|Lake|Freestanding Ambulatory Surgery Center
TOMOKA SURGERY CENTER LLC - 14960581|ORMOND BEACH|Volusia|Freestanding Ambulatory Surgery Center
TOTAL EYE CARE SURGERY CENTER - 14960377|LEESBURG|Lake|Freestanding Ambulatory Surgery Center
TOTAL SURGERY CENTER - 242|NAPLES|Collier|Freestanding Ambulatory Surgery Center
TOWN & COUNTRY HOSPITAL - 100255|TAMPA|Hillsborough|Hospital Based Ambulatory Surgery Center
TREASURE COAST CENTER FOR SURGERY - 272|STUART|Martin|Freestanding Ambulatory Surgery Center
TREASURE COAST SURGICAL CENTER - 14960701|FORT PIERCE|St. Lucie|Freestanding Ambulatory Surgery Center
TRINITY SURGERY CENTER - 273|NEW PORT RICHEY|Pasco|Freestanding Ambulatory Surgery Center
TWIN CITIES HOSPITAL - 100054|NICEVILLE|Okaloosa|Hospital Based Ambulatory Surgery Center
UF HEALTH JACKSONVILLE - 100001|JACKSONVILLE|Duval|Hospital Based Ambulatory Surgery Center
UF HEALTH SHANDS HOSPITAL - 100113|GAINESVILLE|Alachua|Hospital Based Ambulatory Surgery Center
UNDERWOOD SURGERY CENTER - 205|ORLANDO|Orange|Freestanding Ambulatory Surgery Center
UNIVERSITY EYE SURGERY CENTER - 14960368|FORT MYERS|Lee|Freestanding Ambulatory Surgery Center
UNIVERSITY HOSPITAL AND MEDICAL CENTER - 100224|TAMARAC|Broward|Hospital Based Ambulatory Surgery Center
UNIVERSITY INTERVENTIONAL CENTER - 14960633|PENSACOLA|Escambia|Freestanding Ambulatory Surgery Center
UNIVERSITY OF MIAMI HOSPITAL - 100009|MIAMI|Miami-Dade|Hospital Based Ambulatory Surgery Center
UNIVERSITY OF MIAMI HOSPITAL AND CLINICS - 100079|MIAMI|Miami-Dade|Hospital Based Ambulatory Surgery Center
UNIVERSITY SURGICAL CENTER - 199|WINTER PARK|Orange|Freestanding Ambulatory Surgery Center
UPDEGRAFF VISION LASER & SURGERY CENTER - 14960480|SAINT PETERSBURG|Pinellas|Freestanding Ambulatory Surgery Center
USF HEALTH ENDOSCOPY AND SURGERY CENTER - 14960670|TAMPA|Hillsborough|Freestanding Ambulatory Surgery Center
VENICE REGIONAL MEDICAL CENTER - 100070|VENICE|Sarasota|Hospital Based Ambulatory Surgery Center
VENTURE AMBULATORY SURGICAL CENTER - 149|NORTH MIAMI BEACH|Miami-Dade|Freestanding Ambulatory Surgery Center
VERO BEACH SURGERY CENTER - 14960414|VERO BEACH|Indian River|Freestanding Ambulatory Surgery Center
VERO EYE CENTER - 63|VERO BEACH|Indian River|Freestanding Ambulatory Surgery Center
VESC, INC - 195|ORMOND BEACH|Volusia|Freestanding Ambulatory Surgery Center
VIERA HOSPITAL - 23960092|MELBOURNE|Brevard|Freestanding Ambulatory Surgery Center
VILLAGES ENDOSCOPY & SURGICAL CENTER LLC - 14960547|SUMMERFIELD|Marion|Freestanding Ambulatory Surgery Center
VILLAGES REGIONAL HOSPITAL, THE - 23960032|THE VILLAGES|Sumter|Hospital Based Ambulatory Surgery Center
WATERSIDE AMBULATORY SURGICAL CENTER, INC - 14960424|WEST PALM BEACH|Palm Beach|Freestanding Ambulatory Surgery Center
WEBSTER SURGICAL CENTER OF TALLAHASSEE - 14960442|TALLAHASSEE|Leon|Freestanding Ambulatory Surgery Center
WELLINGTON REGIONAL MEDICAL CENTER - 110010|WELLINGTON|Palm Beach|Hospital Based Ambulatory Surgery Center
WEST BAY SURGERY CENTER - 100|LARGO|Pinellas|Freestanding Ambulatory Surgery Center
WEST BOCA MEDICAL CENTER - 110008|BOCA RATON|Palm Beach|Hospital Based Ambulatory Surgery Center
WEST COAST ENDOSCOPY CENTER - 14960448|CLEARWATER|Pinellas|Freestanding Ambulatory Surgery Center
WEST FLORIDA HOSPITAL - 100231|PENSACOLA|Escambia|Hospital Based Ambulatory Surgery Center
WEST FLORIDA MEDICAL CENTER CLINIC PA AMBULATORY SURGICAL CENTER - 232|PENSACOLA|Escambia|Freestanding Ambulatory Surgery Center
WEST FLORIDA SURGERY CENTER - 2|BRADENTON|Manatee|Freestanding Ambulatory Surgery Center
WEST KENDALL BAPTIST HOSPITAL - 23960064|MIAMI|Miami-Dade|Freestanding Ambulatory Surgery Center
WEST MARION COMMUNITY HOSPITAL - 23960039|OCALA|Marion|Hospital Based Ambulatory Surgery Center
WEST PALM HOSPITAL - 100234|WEST PALM BEACH|Palm Beach|Hospital Based Ambulatory Surgery Center
WEST PARK SURGERY CENTER - 14960579|PINELLAS PARK|Pinellas|Freestanding Ambulatory Surgery Center
WESTCHASE SURGERY CENTER LTD - 14960706|Tampa|Hillsborough|Freestanding Ambulatory Surgery Center
WESTCHESTER GENERAL HOSPITAL - 100165|MIAMI|Miami-Dade|Hospital Based Ambulatory Surgery Center
WESTON OUTPATIENT SURGICAL CENTER - 14960396|WESTON|Broward|Freestanding Ambulatory Surgery Center
WESTSIDE REGIONAL MEDICAL CENTER - 100228|PLANTATION|Broward|Hospital Based Ambulatory Surgery Center
WINTER HAVEN AMBULATORY SURGICAL CENTER - 14960343|WINTER HAVEN|Polk|Freestanding Ambulatory Surgery Center
WINTER HAVEN HOSPITAL - 100052|WINTER HAVEN|Polk|Hospital Based Ambulatory Surgery Center
WINTER PARK MEMORIAL HOSPITAL - 100162|WINTER PARK|Orange|Hospital Based Ambulatory Surgery Center
WUESTHOFF MEDICAL CENTER-MELBOURNE - 23960034|MELBOURNE|Brevard|Hospital Based Ambulatory Surgery Center
WUESTHOFF MEDICAL CENTER-ROCKLEDGE - 100092|ROCKLEDGE|Brevard|Hospital Based Ambulatory Surgery Center
